{
  "data": {
    "instances": [
      {
        "__OBJ_TYPE": "Instance_Part_Storage",
        "btsKey": "ad2a229f-2454-40bb-8768-703971b4d350",
        "density": 4.5,
        "friction": 0.53,
        "id": "8675951669758885889",
        "massCenter": {
          "x": -2.9779863357544,
          "y": 1.1908999681473,
          "z": 0.084650993347168
        },
        "material": {
          "discardAlpha": 1.0,
          "texture": "part_eluanshi.tga"
        },
        "position": {
          "x": -2.9779863357544,
          "y": 1.1908999681473,
          "z": 0.084650993347168
        },
        "restitution": 0.17,
        "scale": {
          "x": 17.7819,
          "y": 0.999992,
          "z": 7.72192
        },
        "size": {
          "x": 17.781940460205,
          "y": 0.99999219179153,
          "z": 7.7219247817993
        },
        "useAnchor": true
      },
      {
        "__OBJ_TYPE": "Instance_Part_Storage",
        "btsKey": "2c5f0049-d666-4022-8989-f898f75e3682",
        "density": 2.2,
        "friction": 0.37,
        "id": "8676143331653500929",
        "massCenter": {
          "x": 4.288948059082,
          "y": 2.2499623298645,
          "z": -0.67663383483887
        },
        "material": {
          "discardAlpha": 1.0
        },
        "name": "TrapColor",
        "position": {
          "x": 4.288948059082,
          "y": 2.2499623298645,
          "z": -0.67663383483887
        },
        "restitution": 0.3,
        "scale": {
          "x": 4,
          "y": 0.5,
          "z": 4
        },
        "size": {
          "x": 4,
          "y": 0.5,
          "z": 4
        },
        "useAnchor": true
      }
    ]
  },
  "meta": {
    "EXPORT": {
      "setting.json": "eee0f84e64cf96cef2e7f2dadca6cce5"
    },
    "VERSION": "0.21"
  }
}