{
  "boxInfo": {
    "boxVMax": {
      "x": 0.38118162751198,
      "y": 0.35565501451492,
      "z": 0.32042613625526
    },
    "boxVMin": {
      "x": -0.38118651509285,
      "y": 1.430511442635e-08,
      "z": -0.32042694091797
    }
  },
  "meshPartName": "asset/stone/g2030_zs_14.mesh",
  "surface": {
    "indices": [
      26,
      28,
      27,
      41,
      27,
      42,
      37,
      38,
      35,
      37,
      35,
      13,
      37,
      36,
      38,
      13,
      35,
      12,
      35,
      10,
      12,
      10,
      35,
      34,
      8,
      34,
      33,
      10,
      34,
      8,
      8,
      9,
      10,
      8,
      33,
      7,
      7,
      9,
      8,
      33,
      5,
      7,
      5,
      33,
      32,
      5,
      19,
      7,
      9,
      7,
      19,
      9,
      17,
      18,
      17,
      9,
      19,
      19,
      5,
      6,
      32,
      4,
      5,
      4,
      6,
      5,
      4,
      32,
      62,
      9,
      11,
      10,
      21,
      14,
      15,
      14,
      21,
      20,
      14,
      18,
      17,
      16,
      14,
      17,
      14,
      16,
      15,
      21,
      25,
      20,
      3,
      20,
      25,
      25,
      2,
      3,
      2,
      25,
      43,
      25,
      30,
      43,
      43,
      30,
      37,
      21,
      30,
      25,
      21,
      29,
      30,
      22,
      29,
      21,
      15,
      22,
      21,
      16,
      23,
      15,
      22,
      15,
      23,
      23,
      16,
      24,
      24,
      22,
      23,
      28,
      22,
      63,
      22,
      24,
      63,
      1,
      11,
      0,
      20,
      3,
      0,
      11,
      14,
      0,
      14,
      20,
      0,
      2,
      0,
      3,
      0,
      2,
      1,
      11,
      1,
      12,
      43,
      1,
      2,
      1,
      43,
      37,
      1,
      37,
      13,
      1,
      13,
      12,
      10,
      11,
      12,
      14,
      11,
      18,
      9,
      18,
      11,
      47,
      44,
      59,
      46,
      44,
      47,
      44,
      46,
      45,
      46,
      48,
      45,
      48,
      46,
      49,
      48,
      50,
      51,
      50,
      48,
      49,
      52,
      53,
      51,
      52,
      51,
      50,
      53,
      52,
      54,
      28,
      29,
      22,
      29,
      26,
      39,
      29,
      39,
      31,
      29,
      31,
      30,
      28,
      26,
      29,
      31,
      36,
      30,
      36,
      37,
      30,
      39,
      36,
      31,
      26,
      40,
      39,
      36,
      39,
      40,
      40,
      26,
      41,
      27,
      41,
      26,
      55,
      60,
      58,
      60,
      55,
      61,
      57,
      55,
      58,
      55,
      57,
      56
    ],
    "vertices": [
      {
        "x": 0.043825685977936,
        "y": 0.050056576728821,
        "z": 0.059137515723705
      },
      {
        "x": -0.091936029493809,
        "y": 0.011501595377922,
        "z": 0.11284051835537
      },
      {
        "x": 0.056296389549971,
        "y": 0.03347259759903,
        "z": 0.087359488010406
      },
      {
        "x": 0.056364748626947,
        "y": 0.041997581720352,
        "z": 0.07428552955389
      },
      {
        "x": -0.38118407130241,
        "y": 0.13485950231552,
        "z": -0.24211148917675
      },
      {
        "x": -0.37610107660294,
        "y": 0.12492552399635,
        "z": -0.21522550284863
      },
      {
        "x": -0.19101805984974,
        "y": 0.17782750725746,
        "z": -0.32042652368546
      },
      {
        "x": -0.25381591916084,
        "y": 0.087642550468445,
        "z": -0.089797489345074
      },
      {
        "x": -0.25257566571236,
        "y": 0.064371541142464,
        "z": -0.063350506126881
      },
      {
        "x": -0.17556883394718,
        "y": 0.10282355546951,
        "z": -0.055024545639753
      },
      {
        "x": -0.21124754846096,
        "y": 0.033005580306053,
        "z": 0.010951482690871
      },
      {
        "x": -0.092941887676716,
        "y": 0.072159573435783,
        "z": 0.0012565058423206
      },
      {
        "x": -0.16373290121555,
        "y": 0.02838958799839,
        "z": 0.083246476948261
      },
      {
        "x": -0.1279516518116,
        "y": -0.0090283900499344,
        "z": 0.1056514903903
      },
      {
        "x": 0.048908691853285,
        "y": 0.096272587776184,
        "z": 0.057062473148108
      },
      {
        "x": 0.17149658501148,
        "y": 0.076942563056946,
        "z": 0.0026244563050568
      },
      {
        "x": 0.24900145828724,
        "y": 0.13720154762268,
        "z": -0.162024512887
      },
      {
        "x": 0.070876464247704,
        "y": 0.16709551215172,
        "z": -0.26956349611282
      },
      {
        "x": -0.10006591677666,
        "y": 0.10596656799316,
        "z": -0.0047635440714657
      },
      {
        "x": -0.088859856128693,
        "y": 0.17562052607536,
        "z": -0.29802149534225
      },
      {
        "x": 0.052854005247355,
        "y": 0.025648579001427,
        "z": 0.058869495987892
      },
      {
        "x": 0.17339599132538,
        "y": 0.016620576381683,
        "z": 0.010081502608955
      },
      {
        "x": 0.29795652627945,
        "y": 0.010033562779427,
        "z": 0.018407460302114
      },
      {
        "x": 0.30390867590904,
        "y": 0.055039569735527,
        "z": 0.0083104912191629
      },
      {
        "x": 0.34684324264526,
        "y": 0.034106552600861,
        "z": -0.011921518482268
      },
      {
        "x": 0.062883302569389,
        "y": 0.02176658809185,
        "z": 0.071544513106346
      },
      {
        "x": 0.25940185785294,
        "y": -0.070121347904205,
        "z": 0.32042652368546
      },
      {
        "x": 0.38118407130241,
        "y": -0.069921366870403,
        "z": 0.23990854620934
      },
      {
        "x": 0.36543700098991,
        "y": -0.033772394061089,
        "z": 0.14320147037506
      },
      {
        "x": 0.21546141803265,
        "y": -0.021200373768806,
        "z": 0.17115648090839
      },
      {
        "x": 0.056462403386831,
        "y": -0.0090603828430176,
        "z": 0.21984551846981
      },
      {
        "x": 0.068635255098343,
        "y": -0.060757368803024,
        "z": 0.22492852807045
      },
      {
        "x": -0.24304442107677,
        "y": -0.17782746255398,
        "z": -0.19108441472054
      },
      {
        "x": -0.21322020888329,
        "y": -0.17782744765282,
        "z": -0.13577741384506
      },
      {
        "x": -0.17526610195637,
        "y": -0.17782741785049,
        "z": -0.011450403369963
      },
      {
        "x": -0.14818114042282,
        "y": -0.17782741785049,
        "z": 0.019512578845024
      },
      {
        "x": 0.043391115963459,
        "y": -0.17782737314701,
        "z": 0.20409455895424
      },
      {
        "x": -0.041916500777006,
        "y": 0.013376593589783,
        "z": 0.10785745829344
      },
      {
        "x": -0.1194946244359,
        "y": -0.17782740294933,
        "z": 0.053085576742887
      },
      {
        "x": 0.097058102488518,
        "y": -0.06794635951519,
        "z": 0.27140653133392
      },
      {
        "x": 0.061145018786192,
        "y": -0.17782735824585,
        "z": 0.24007657170296
      },
      {
        "x": 0.21710205078125,
        "y": -0.17782735824585,
        "z": 0.29508060216904
      },
      {
        "x": 0.35717529058456,
        "y": -0.17782737314701,
        "z": 0.1995465606451
      },
      {
        "x": 0.061579592525959,
        "y": 0.022070601582527,
        "z": 0.088496491312981
      },
      {
        "x": 0.27227294445038,
        "y": -0.17782743275166,
        "z": -0.059101462364197
      },
      {
        "x": 0.22315673530102,
        "y": -0.17782746255398,