{
  "boxInfo": {
    "boxVMax": {
      "x": 0.49562031030655,
      "y": 1.6026840209961,
      "z": 0.49562034010887
    },
    "boxVMin": {
      "x": -0.49562036991119,
      "y": 0.012278595007956,
      "z": -0.49562031030655
    }
  },
  "meshPartName": "asset/plant/tree_test_big_2.mesh",
  "surface": {
    "indices": [
      116,
      95,
      92,
      94,
      92,
      95,
      92,
      94,
      93,
      95,
      116,
      117,
      114,
      117,
      116,
      117,
      114,
      115,
      112,
      115,
      114,
      115,
      112,
      113,
      110,
      113,
      112,
      113,
      110,
      111,
      108,
      111,
      110,
      111,
      108,
      109,
      106,
      109,
      108,
      109,
      106,
      107,
      104,
      107,
      106,
      107,
      104,
      105,
      101,
      105,
      104,
      105,
      101,
      102,
      100,
      102,
      101,
      102,
      100,
      103,
      97,
      93,
      94,
      93,
      97,
      96,
      99,
      96,
      97,
      96,
      99,
      98,
      60,
      62,
      61,
      63,
      43,
      44,
      43,
      32,
      30,
      30,
      44,
      43,
      32,
      15,
      13,
      13,
      30,
      32,
      15,
      16,
      14,
      14,
      13,
      15,
      30,
      13,
      9,
      13,
      14,
      12,
      12,
      9,
      13,
      44,
      30,
      31,
      9,
      31,
      30,
      31,
      9,
      10,
      9,
      12,
      8,
      8,
      10,
      9,
      10,
      8,
      11,
      82,
      62,
      83,
      62,
      82,
      61,
      82,
      91,
      84,
      83,
      91,
      82,
      84,
      61,
      82,
      84,
      91,
      85,
      85,
      65,
      84,
      61,
      84,
      65,
      90,
      91,
      79,
      80,
      91,
      81,
      78,
      91,
      80,
      79,
      91,
      78,
      79,
      77,
      90,
      77,
      79,
      54,
      78,
      54,
      79,
      80,
      53,
      78,
      54,
      78,
      53,
      81,
      57,
      80,
      53,
      80,
      57,
      57,
      81,
      59,
      57,
      58,
      56,
      58,
      57,
      59,
      56,
      53,
      57,
      53,
      56,
      52,
      86,
      67,
      85,
      65,
      85,
      67,
      66,
      65,
      67,
      46,
      64,
      66,
      65,
      66,
      64,
      64,
      46,
      45,
      46,
      34,
      33,
      33,
      45,
      46,
      34,
      19,
      17,
      17,
      33,
      34,
      19,
      20,
      18,
      20,
      19,
      21,
      18,
      17,
      19,
      33,
      17,
      15,
      17,
      18,
      16,
      16,
      15,
      17,
      45,
      33,
      32,
      15,
      32,
      33,
      60,
      45,
      43,
      45,
      60,
      64,
      32,
      43,
      45,
      61,
      64,
      60,
      64,
      61,
      65,
      43,
      63,
      60,
      62,
      60,
      63,
      26,
      40,
      39,
      51,
      27,
      38,
      27,
      51,
      40,
      2,
      38,
      27,
      38,
      2,
      25,
      3,
      25,
      2,
      25,
      3,
      24,
      37,
      25,
      23,
      25,
      37,
      38,
      24,
      23,
      25,
      50,
      38,
      37,
      38,
      50,
      51,
      76,
      40,
      51,
      74,
      51,
      50,
      51,
      74,
      76,
      40,
      76,
      55,
      55,
      39,
      40,
      77,
      55,
      76,
      75,
      76,
      74,
      76,
      75,
      77,
      50,
      72,
      74,
      73,
      74,
      72,
      74,
      73,
      75,
      72,
      50,
      49,
      37,
      49,
      50,
      49,
      37,
      36,
      23,
      36,
      37,
      36,
      23,
      21,
      23,
      24,
      22,
      22,
      21,
      23,
      48,
      36,
      35,
      36,
      48,
      49,
      21,
      35,
      36,
      70,
      49,
      48,
      49,
      70,
      72,
      71,
      72,
      70,
      72,
      71,
      73,
      89,
      73,
      88,
      73,
      89,
      75,
      71,
      88,
      73,
      90,
      75,
      89,
      75,
      90,
      77,
      89,
      91,
      90,
      88,
      91,
      89,
      87,
      91,
      88,
      52,
      54,
      53,
      55,
      77,
      54,
      54,
      52,
      55,
      52,
      41,
      39,
      41,
      52,
      56,
      39,
      55,
      52,
      56,
      42,
      41,
      42,
      56,
      58,
      41,
      29,
      28,
      29,
      41,
      42,
      28,
      39,
      41,
      7,
      28,
      29,
      88,
      71,
      87,
      69,
      87,
      71,
      70,
      69,
      71,
      48,
      68,
      70,
      69,
      70,
      68,
      68,
      48,
      47,
      35,
      47,
      48,
      47,
      35,
      34,
      35,
      21,
      19,
      19,
      34,
      35,
      66,
      47,
      46,
      47,
      66,
      68,
      34,
      46,
      47,
      67,
      68,
      66,
      68,
      67,
      69,
      87,
      69,
      86,
      67,
      86,
      69,
      86,
      91,
      87,
      85,
      91,
      86,
      1,
      4,
      0,
      2,
      0,
      3,
      0,
      2,
      1,
      26,
      5,
      1,
      27,
      1,
      2,
      1,
      27,
      26,
      4,
      1,
      5,
      5,
      6,
      4,
      28,
      7,
      5,
      5,
      26,
      28,
      6,
      5,
      7,
      39,
      28,
      26,
      40,
      26,
      27,
      21,
      22,
      20
    ],
    "vertices": [
      {
        "x": 0.10770495980978,
        "y": -0.34334760904312,
        "z": 0.10853650420904
      },
      {
        "x": 0.22034855186939,
        "y": -0.27504241466522,
        "z": 0.2220496237278
      },
      {
        "x": 0.079802624881268,
        "y": -0.27504241466522,
        "z": 0.30247491598129
      },
      {
        "x": 0.039007000625134,
        "y": -0.34334760904312,
        "z": 0.14784787595272
      },
      {
        "x": 0.14754348993301,
        "y": -0.34334760904312,
        "z": 0.040142849087715
      },
      {
        "x": 0.30185225605965,
        "y": -0.27504241466522,
        "z": 0.082126334309578
      },
      {
        "x": 0.14784786105156,
        "y": -0.34334760904312,
        "z": -0.039007075130939
      },
      {
        "x": 0.30247488617897,
        "y": -0.27504241466522,
        "z": -0.079802677035332
      },
      {
        "x": 0.1085364446044,
        "y": -0.34334760904312,
        "z": -0.10770503431559
      },
      {
        "x": 0.22204954922199,
        "y": -0.27504241466522,
        "z": -0.22034859657288
      },
      {
        "x": 0.30247488617897,
        "y": -0.27504241466522,
        "z": -0.079802677035332
      },
      {
        "x": 0.14784786105156,
        "y": -0.34334760904312,
        "z": -0.039007075130939
      },
      {
        "x": 0.040142796933651,
        "y": -0.34334760904312,
        "z": -0.14754351973534
      },
      {
        "x": 0.082126274704933,
        "y": -0.27504241466522,
        "z": -0.30185228586197
      },
      {
        "x": -0.039007104933262,
        "y": -0.34334760904312,
        "z": -0.14784789085388
      },
      {
        "x": -0.079802691936493,
        "y": -0.27504241466522,
        "z": -0.30247491598129
      },
      {
        "x": -0.10770507156849,
        "y": -0.34334760904312,
        "z": -0.10853652656078
      },
      {
        "x": -0.22034861147404,
        "y": -0.27504241466522,
        "z": -0.2220496237278
      },
      {
        "x": -0.14754356443882,
        "y": -0.34334760904312,
        "z": -0.040142890065908
      },
      {
        "x": -0.30185228586197,
        "y": -0.27504241466522,