{
  "boxInfo": {
    "boxVMax": {
      "x": 0.428955078125,
      "y": 0.13223443925381,
      "z": 0.2940599322319
    },
    "boxVMin": {
      "x": -0.42895019054413,
      "y": -0.13223457336426,
      "z": -0.29405906796455
    }
  },
  "meshPartName": "asset/stone/g2030_zs_15.mesh",
  "surface": {
    "indices": [
      95,
      105,
      94,
      105,
      99,
      94,
      99,
      97,
      94,
      96,
      94,
      97,
      94,
      96,
      95,
      103,
      95,
      96,
      95,
      103,
      101,
      105,
      95,
      102,
      95,
      100,
      102,
      100,
      95,
      101,
      102,
      104,
      105,
      99,
      105,
      104,
      97,
      99,
      98,
      98,
      96,
      97,
      96,
      98,
      103,
      104,
      102,
      100,
      65,
      58,
      66,
      63,
      66,
      64,
      55,
      52,
      63,
      55,
      63,
      64,
      52,
      53,
      60,
      59,
      52,
      60,
      54,
      52,
      55,
      52,
      54,
      53,
      61,
      59,
      60,
      61,
      107,
      69,
      107,
      61,
      67,
      67,
      61,
      68,
      107,
      67,
      68,
      90,
      82,
      83,
      82,
      90,
      93,
      93,
      87,
      82,
      86,
      82,
      87,
      82,
      86,
      85,
      84,
      82,
      85,
      82,
      84,
      83,
      83,
      89,
      90,
      88,
      93,
      90,
      88,
      90,
      89,
      93,
      88,
      92,
      87,
      93,
      92,
      85,
      91,
      84,
      91,
      85,
      86,
      43,
      36,
      33,
      33,
      34,
      42,
      42,
      43,
      33,
      35,
      33,
      36,
      33,
      35,
      34,
      36,
      43,
      38,
      43,
      47,
      38,
      47,
      43,
      40,
      42,
      40,
      43,
      38,
      45,
      36,
      36,
      44,
      46,
      44,
      36,
      45,
      37,
      38,
      47,
      45,
      38,
      39,
      37,
      39,
      38,
      39,
      81,
      45,
      45,
      81,
      44,
      39,
      37,
      106,
      81,
      39,
      106,
      40,
      42,
      41,
      42,
      34,
      48,
      10,
      14,
      4,
      5,
      4,
      6,
      116,
      109,
      113,
      109,
      116,
      115,
      110,
      113,
      109,
      109,
      111,
      110,
      113,
      110,
      114,
      29,
      30,
      32,
      29,
      31,
      30,
      74,
      112,
      71,
      108,
      76,
      29,
      112,
      108,
      111,
      108,
      32,
      111,
      32,
      108,
      29,
      115,
      112,
      109,
      112,
      115,
      71,
      111,
      109,
      112,
      70,
      72,
      71,
      72,
      70,
      80,
      80,
      8,
      28,
      8,
      80,
      70,
      21,
      28,
      9,
      9,
      28,
      8,
      9,
      19,
      21,
      23,
      20,
      9,
      19,
      9,
      20,
      7,
      9,
      8,
      16,
      19,
      20,
      19,
      16,
      11,
      18,
      16,
      20,
      20,
      23,
      18,
      23,
      24,
      13,
      24,
      23,
      25,
      13,
      18,
      23,
      13,
      17,
      18,
      18,
      17,
      16,
      10,
      16,
      17,
      16,
      10,
      11,
      17,
      13,
      14,
      10,
      17,
      14,
      6,
      4,
      13,
      13,
      4,
      14,
      49,
      50,
      56,
      57,
      51,
      49,
      56,
      57,
      49,
      49,
      51,
      50,
      56,
      58,
      57,
      58,
      65,
      57,
      65,
      51,
      57,
      62,
      50,
      51,
      51,
      65,
      62,
      50,
      62,
      69,
      62,
      65,
      63,
      61,
      69,
      62,
      62,
      52,
      59,
      52,
      62,
      63,
      61,
      62,
      59,
      65,
      66,
      63,
      0,
      5,
      3,
      0,
      12,
      4,
      1,
      12,
      0,
      4,
      5,
      0,
      2,
      0,
      3,
      0,
      2,
      1,
      1,
      2,
      31,
      29,
      77,
      1,
      78,
      1,
      77,
      1,
      78,
      15,
      31,
      29,
      1,
      12,
      1,
      15,
      22,
      12,
      15,
      11,
      12,
      19,
      12,
      10,
      4,
      22,
      19,
      12,
      10,
      12,
      11,
      78,
      22,
      15,
      78,
      77,
      75,
      75,
      79,
      78,
      22,
      78,
      79,
      76,
      77,
      29,
      75,
      77,
      76,
      75,
      76,
      74,
      79,
      75,
      73,
      73,
      75,
      74,
      26,
      79,
      73,
      79,
      26,
      27,
      27,
      22,
      79,
      22,
      27,
      21,
      19,
      22,
      21,
      27,
      28,
      21,
      26,
      28,
      27,
      26,
      80,
      28,
      80,
      26,
      72,
      26,
      73,
      72,
      73,
      71,
      72,
      71,
      73,
      74,
      108,
      112,
      74,
      76,
      108,
      74
    ],
    "vertices": [
      {
        "x": -0.22855223715305,
        "y": -0.071042403578758,
        "z": 0.14228048920631
      },
      {
        "x": -0.34415283799171,
        "y": -0.038838490843773,
        "z": -0.17582051455975
      },
      {
        "x": -0.3943090736866,
        "y": -0.13223445415497,
        "z": -0.10128750652075
      },
      {
        "x": -0.30365967750549,
        "y": -0.13223442435265,
        "z": 0.034709498286247
      },
      {
        "x": -0.16010497510433,
        "y": -0.0045643993653357,
        "z": 0.16137446463108
      },
      {
        "x": -0.18541747331619,
        "y": -0.13223442435265,
        "z": 0.096001498401165
      },
      {
        "x": 0.0036450170446187,
        "y": -0.13223442435265,
        "z": 0.060526490211487
      },
      {
        "x": -0.0057836938649416,
        "y": 0.055255554616451,
        "z": 0.022605463862419
      },
      {
        "x": -0.0066186543554068,
        "y": 0.022820519283414,
        "z": -0.11817059665918
      },
      {
        "x": -0.087541505694389,
        "y": 0.10892756283283,
        "z": 0.045876413583755
      },
      {
        "x": -0.1510766595602,
        "y": 0.037465579807758,
        "z": 0.070424482226372
      },
      {
        "x": -0.14813232421875,
        "y": 0.030512552708387,
        "z": 0.055275484919548
      },
      {
        "x": -0.21581298112869,
        "y": 0.0066705611534417,
        "z": 0.02006346359849
      },
      {
        "x": 0.031062008813024,
        "y": -0.047065429389477,
        "z": 0.067344464361668
      },
      {
        "x": -0.11011474579573,
        "y": 0.046462584286928,
        "z": 0.13559447228909
      },
      {
        "x": -0.25603759288788,
        "y": 0.016401547938585,
        "z": -0.088344544172287
      },
      {
        "x": -0.089748539030552,
        "y": 0.062648572027683,
        "z": 0.088911458849907
      },
      {
        "x": -0.097810059785843,
        "y": 0.067427583038807,
        "z": 0.10389246046543
      },
      {
        "x": -0.027819825336337,
        "y": 0.030480584129691,
        "z": 0.065441459417343
      },
      {
        "x": -0.15091064572334,
        "y": 0.052147548645735,
        "z": 0.050093483179808
      },
      {
        "x": -0.087106935679913,
        "y": 0.086422584950924,
        "z": 0.076476462185383
      },
      {
        "x": -0.14231689274311,
        "y": 0.11056254059076,
        "z": -0.039859592914581
      },
      {
        "x": -0.23303467035294,
        "y": 0.041714545339346,
        "z": -0.091787539422512
      },
      {
        "x": -0.0057836938649416,
        "y": 0.055255554616451,
        "z": 0.022605463862419
      },
      {
        "x": 0.021169431507587,
        "y": -0.029642475768924,