{
  "boxInfo": {
    "boxVMax": {
      "x": 0.48430499434471,
      "y": 0.70402896404266,
      "z": 0.87080645561218
    },
    "boxVMin": {
      "x": -0.48430499434471,
      "y": 0.0,
      "z": -0.87080645561218
    }
  },
  "meshPartName": "asset/box/g2021_duchi_xiangzi.mesh",
  "surface": {
    "indices": [
      106,
      104,
      107,
      104,
      106,
      105,
      118,
      116,
      119,
      116,
      118,
      117,
      50,
      48,
      51,
      48,
      50,
      49,
      94,
      92,
      95,
      92,
      94,
      93,
      74,
      72,
      75,
      72,
      74,
      73,
      70,
      68,
      71,
      68,
      70,
      69,
      102,
      100,
      103,
      100,
      102,
      101,
      62,
      60,
      63,
      60,
      62,
      61,
      42,
      40,
      43,
      40,
      42,
      41,
      26,
      24,
      27,
      24,
      26,
      25,
      2,
      0,
      3,
      0,
      2,
      1,
      6,
      4,
      7,
      4,
      6,
      5,
      10,
      8,
      11,
      8,
      10,
      9,
      14,
      12,
      15,
      12,
      14,
      13,
      54,
      52,
      55,
      52,
      54,
      53,
      18,
      16,
      19,
      16,
      18,
      17,
      98,
      96,
      99,
      96,
      98,
      97,
      30,
      28,
      31,
      28,
      30,
      29,
      46,
      44,
      47,
      44,
      46,
      45,
      82,
      80,
      83,
      80,
      82,
      81,
      90,
      88,
      91,
      88,
      90,
      89,
      34,
      32,
      35,
      32,
      34,
      33,
      38,
      36,
      39,
      36,
      38,
      37,
      22,
      20,
      23,
      20,
      22,
      21,
      66,
      64,
      67,
      64,
      66,
      65,
      86,
      84,
      87,
      84,
      86,
      85,
      78,
      76,
      79,
      76,
      78,
      77,
      114,
      112,
      115,
      112,
      114,
      113,
      110,
      108,
      111,
      108,
      110,
      109,
      58,
      56,
      59,
      56,
      58,
      57
    ],
    "vertices": [
      {
        "x": -0.43579199910164,
        "y": 0.00060850381851196,
        "z": -0.31489247083664
      },
      {
        "x": -0.32692402601242,
        "y": 0.00060850381851196,
        "z": 0.22165650129318
      },
      {
        "x": 0.056288998574018,
        "y": 0.00060850381851196,
        "z": 0.14390151202679
      },
      {
        "x": -0.052579000592232,
        "y": 0.00060850381851196,
        "z": -0.39264845848083
      },
      {
        "x": -0.052579000592232,
        "y": 0.00060850381851196,
        "z": -0.39264845848083
      },
      {
        "x": 0.056288998574018,
        "y": 0.00060850381851196,
        "z": 0.14390151202679
      },
      {
        "x": 0.056288998574018,
        "y": -0.35201448202133,
        "z": 0.14390151202679
      },
      {
        "x": -0.052579000592232,
        "y": -0.35201448202133,
        "z": -0.39264845848083
      },
      {
        "x": -0.43579199910164,
        "y": 0.00060850381851196,
        "z": -0.31489247083664
      },
      {
        "x": -0.052579000592232,
        "y": 0.00060850381851196,
        "z": -0.39264845848083
      },
      {
        "x": -0.052579000592232,
        "y": -0.35201448202133,
        "z": -0.39264845848083
      },
      {
        "x": -0.43579199910164,
        "y": -0.35201448202133,
        "z": -0.31489247083664
      },
      {
        "x": -0.32692402601242,
        "y": 0.00060850381851196,
        "z": 0.22165650129318
      },
      {
        "x": -0.43579199910164,
        "y": 0.00060850381851196,
        "z": -0.31489247083664
      },
      {
        "x": -0.43579199910164,
        "y": -0.35201448202133,
        "z": -0.31489247083664
      },
      {
        "x": -0.32692402601242,
        "y": -0.35201448202133,
        "z": 0.22165650129318
      },
      {
        "x": 0.056288998574018,
        "y": 0.00060850381851196,
        "z": 0.14390151202679
      },
      {
        "x": -0.32692402601242,
        "y": 0.00060850381851196,
        "z": 0.22165650129318
      },
      {
        "x": -0.32692402601242,
        "y": -0.35201448202133,
        "z": 0.22165650129318
      },
      {
        "x": 0.056288998574018,
        "y": -0.35201448202133,
        "z": 0.14390151202679
      },
      {
        "x": -0.48430499434471,
        "y": 0.35201448202133,
        "z": 0.038955517113209
      },
      {
        "x": -0.28277999162674,
        "y": 0.35201448202133,
        "z": 0.54799950122833
      },
      {
        "x": 0.080788001418114,
        "y": 0.35201448202133,
        "z": 0.40406650304794
      },
      {
        "x": -0.12073699384928,
        "y": 0.35201448202133,
        "z": -0.10497648268938
      },
      {
        "x": -0.12073699384928,
        "y": 0.35201448202133,
        "z": -0.10497648268938
      },
      {
        "x": 0.080788001418114,
        "y": 0.35201448202133,
        "z": 0.40406650304794
      },
      {
        "x": 0.080788001418114,
        "y": -0.00060850381851196,
        "z": 0.40406650304794
      },
      {
        "x": -0.12073699384928,
        "y": -0.00060850381851196,
        "z": -0.10497648268938
      },
      {
        "x": -0.48430499434471,
        "y": 0.35201448202133,
        "z": 0.038955517113209
      },
      {
        "x": -0.12073699384928,
        "y": 0.35201448202133,
        "z": -0.10497648268938
      },
      {
        "x": -0.12073699384928,
        "y": -0.00060850381851196,
        "z": -0.10497648268938
      },
      {
        "x": -0.48430499434471,
        "y": -0.00060850381851196,
        "z": 0.038955517113209
      },
      {
        "x": -0.28277999162674,
        "y": 0.35201448202133,
        "z": 0.54799950122833
      },
      {
        "x": -0.48430499434471,
        "y": 0.35201448202133,
        "z": 0.038955517113209
      },
      {
        "x": -0.48430499434471,
        "y": -0.00060850381851196,
        "z": 0.038955517113209
      },
      {
        "x": -0.28277999162674,
        "y": -0.00060850381851196,
        "z": 0.54799950122833
      },
      {
        "x": 0.080788001418114,
        "y": 0.35201448202133,
        "z": 0.40406650304794
      },
      {
        "x": -0.28277999162674,
        "y": 0.35201448202133,
        "z": 0.54799950122833
      },
      {
        "x": -0.28277999162674,
        "y": -0.00060850381851196,
        "z": 0.54799950122833
      },
      {
        "x": 0.080788001418114,
        "y": -0.00060850381851196,
        "z": 0.40406650304794
      },
      {
        "x": -0.26538199186325,
        "y": 0.00060850381851196,
        "z": 0.25418251752853
      },
      {
        "x": -0.37882497906685,
        "y": 0.00060850381851196,
        "z": 0.78978353738785
      },
      {
        "x": 0.0037109993863851,
        "y": 0.00060850381851196,
        "z": 0.87080645561218
      },
      {
        "x": 0.11715299636126,
        "y": 0.00060850381851196,
        "z": 0.33520552515984
      },
      {
        "x": 0.11715299636126,
        "y": 0.00060850381851196,
        "z": 0.33520552515984
      },
      {
        "x": 0.0037109993863851,
        "y": 0.00060850381851196,
        "z": 0.87080645561218
      },
      {
        "x": 0.0037109993863851,
        "y": -0.35201448202133,
        "z": 0.87080645561218
      },
      {
        "x": 0.11715299636126,
        "y": -0.35201448202133,
        "z": 0.33520552515984
      },
      {
        "x": -0.26538199186325,
        "y": 0.00060850381851196,
        "z": 0.25418251752853
      },
      {
        "x": 0.11715299636126,
        "y": 0.00060850381851196,
        "z": 0.33520552515984
      },
      {
        "x": 0.11715299636126,
        "y": -0.35201448202133,
        "z": 0.33520552515984
      },
      {
        "x": -0.26538199186325,
        "y": -0.35201448202133,